02108,,Boston
02109,,Boston
02110,,Boston
02111,,Boston
02112,,Boston
02113,,Boston
02114,,Boston
02115,,Boston
02116,,Boston
02117,,Boston
02118,,Boston
02119,,Roxbury
02120,,Roxbury Crossing
02121,,Dorchester
02122,,Dorchester
02123,,Boston
02124,,Dorchester Center
02125,,Dorchester
02126,,Mattapan
02127,,South Boston
02128,,East Boston
02129,,Charlestown
02130,,Jamaica Plain
02131,,Roslindale
02132,,West Roxbury
02133,,Boston
02134,,Allston
02135,,Brighton
02136,,Hyde Park
02151,,Revere
02152,,Winthrop
02163,,Boston
02186,,Milton
02196,,Boston
02199,,Boston
02201,,Boston
02203,,Boston
02204,,Boston
02205,,Boston
02206,,Boston
02210,,Boston
02211,,Boston
02212,,Boston
02215,,Boston
02217,,Boston
02222,,Boston
02241,,Boston
02283,,Boston
02284,,Boston
02293,,Boston
02297,,Boston
02298,,Boston
02458,,Newton
02467,,Chestnut Hill
10002,Manhattan,Manhattan
10003,Manhattan,Manhattan
10004,Manhattan,Manhattan
10005,Manhattan,Manhattan
10006,Manhattan,Manhattan
10007,Manhattan,Manhattan
10008,Manhattan,Manhattan
10009,Manhattan,Manhattan
10010,Manhattan,Manhattan
10011,Manhattan,Manhattan
10012,Manhattan,Manhattan
10013,Manhattan,Manhattan
10014,Manhattan,Manhattan
10015,Manhattan,Manhattan
10016,Manhattan,Manhattan
10017,Manhattan,Manhattan
10018,Manhattan,Manhattan
10019,Manhattan,Manhattan
10020,Manhattan,Manhattan
10021,Manhattan,Manhattan
10022,Manhattan,Manhattan
10023,Manhattan,Manhattan
10024,Manhattan,Manhattan
10025,Manhattan,Manhattan
10026,Manhattan,Manhattan
10027,Manhattan,Manhattan
10028,Manhattan,Manhattan
10029,Manhattan,Manhattan
10030,Manhattan,Manhattan
10031,Manhattan,Manhattan
10032,Manhattan,Manhattan
10033,Manhattan,Manhattan
10034,Manhattan,Manhattan
10035,Manhattan,Manhattan
10036,Manhattan,Manhattan
10037,Manhattan,Manhattan
10038,Manhattan,Manhattan
10039,Manhattan,Manhattan
10040,Manhattan,Manhattan
10041,Manhattan,Manhattan
10043,Manhattan,Manhattan
10044,Manhattan,Manhattan
10045,Manhattan,Manhattan
10048,Manhattan,Manhattan
10055,Manhattan,Manhattan
10060,Manhattan,Manhattan
10065,Manhattan,Manhattan
10069,Manhattan,Manhattan
10075,Manhattan,Manhattan
10080,Manhattan,Manhattan
10081,Manhattan,Manhattan
10087,Manhattan,Manhattan
10090,Manhattan,Manhattan
10095,Manhattan,Manhattan
10098,Manhattan,Manhattan
10099,Manhattan,Manhattan
10101,Manhattan,Manhattan
10102,Manhattan,Manhattan
10103,Manhattan,Manhattan
10104,Manhattan,Manhattan
10105,Manhattan,Manhattan
10106,Manhattan,Manhattan
10107,Manhattan,Manhattan
10108,Manhattan,Manhattan
10109,Manhattan,Manhattan
10110,Manhattan,Manhattan
10111,Manhattan,Manhattan
10112,Manhattan,Manhattan
10113,Manhattan,Manhattan
10114,Manhattan,Manhattan
10115,Manhattan,Manhattan
10116,Manhattan,Manhattan
10117,Manhattan,Manhattan
10118,Manhattan,Manhattan
10119,Manhattan,Manhattan
10120,Manhattan,Manhattan
10121,Manhattan,Manhattan
10122,Manhattan,Manhattan
10123,Manhattan,Manhattan
10124,Manhattan,Manhattan
10125,Manhattan,Manhattan
10126,Manhattan,Manhattan
10128,Manhattan,Manhattan
10129,Manhattan,Manhattan
10130,Manhattan,Manhattan
10131,Manhattan,Manhattan
10132,Manhattan,Manhattan
10133,Manhattan,Manhattan
10138,Manhattan,Manhattan
10150,Manhattan,Manhattan
10151,Manhattan,Manhattan
10152,Manhattan,Manhattan
10153,Manhattan,Manhattan
10154,Manhattan,Manhattan
10155,Manhattan,Manhattan
10156,Manhattan,Manhattan
10157,Manhattan,Manhattan
10158,Manhattan,Manhattan
10159,Manhattan,Manhattan
10160,Manhattan,Manhattan
10161,Manhattan,Manhattan
10162,Manhattan,Manhattan
10163,Manhattan,Manhattan
10164,Manhattan,Manhattan
10165,Manhattan,Manhattan
10166,Manhattan,Manhattan
10167,Manhattan,Manhattan
10168,Manhattan,Manhattan
10169,Manhattan,Manhattan
10170,Manhattan,Manhattan
10171,Manhattan,Manhattan
10172,Manhattan,Manhattan
10173,Manhattan,Manhattan
10174,Manhattan,Manhattan
10175,Manhattan,Manhattan
10176,Manhattan,Manhattan
10177,Manhattan,Manhattan
10178,Manhattan,Manhattan
10179,Manhattan,Manhattan
10185,Manhattan,Manhattan
10199,Manhattan,Manhattan
10203,Manhattan,Manhattan
10211,Manhattan,Manhattan
10212,Manhattan,Manhattan
10213,Manhattan,Manhattan
10242,Manhattan,Manhattan
10249,Manhattan,Manhattan
10256,Manhattan,Manhattan
10258,Manhattan,Manhattan
10259,Manhattan,Manhattan
10260,Manhattan,Manhattan
10261,Manhattan,Manhattan
10265,Manhattan,Manhattan
10268,Manhattan,Manhattan
10269,Manhattan,Manhattan
10270,Manhattan,Manhattan
10271,Manhattan,Manhattan
10272,Manhattan,Manhattan
10273,Manhattan,Manhattan
10274,Manhattan,Manhattan
10275,Manhattan,Manhattan
10276,Manhattan,Manhattan
10277,Manhattan,Manhattan
10278,Manhattan,Manhattan
10279,Manhattan,Manhattan
10280,Manhattan,Manhattan
10281,Manhattan,Manhattan
10282,Manhattan,Manhattan
10285,Manhattan,Manhattan
10286,Manhattan,Manhattan
10301,Staten Island,Staten Island
10302,Staten Island,Staten Island
10303,Staten Island,Staten Island
10304,Staten Island,Staten Island
10305,Staten Island,Staten Island
10306,Staten Island,Staten Island
10307,Staten Island,Staten Island
10308,Staten Island,Staten Island
10309,Staten Island,Staten Island
10310,Staten Island,Staten Island
10311,Staten Island,Staten Island
10312,Staten Island,Staten Island
10314,Staten Island,Staten Island
10451,Bronx,Bronx
10452,Bronx,Bronx
10453,Bronx,Bronx
10454,Bronx,Bronx
10455,Bronx,Bronx
10456,Bronx,Bronx
10457,Bronx,Bronx
10458,Bronx,Bronx
10459,Bronx,Bronx
10460,Bronx,Bronx
10461,Bronx,Bronx
10462,Bronx,Bronx
10463,Bronx,Bronx
10464,Bronx,Bronx
10465,Bronx,Bronx
10466,Bronx,Bronx
10467,Bronx,Bronx
10468,Bronx,Bronx
10469,Bronx,Bronx
10470,Bronx,Bronx
10471,Bronx,Bronx
10472,Bronx,Bronx
10473,Bronx,Bronx
10474,Bronx,Bronx
10475,Bronx,Bronx
11001,Queens,Floral Park
11004,Queens,Glen Oaks
11005,Queens,Floral Park
11040,Queens,New Hyde Park
11101,Queens,Long Island City
11102,Queens,Astoria
11103,Queens,Astoria
11104,Queens,Sunnyside
11105,Queens,Astoria
11106,Queens,Astoria
11109,Queens,Long Island City
11201,Brooklyn,Brooklyn
11203,Brooklyn,Brooklyn
11204,Brooklyn,Brooklyn
11205,Brooklyn,Brooklyn
11206,Brooklyn,Brooklyn
11207,Brooklyn,Brooklyn
11208,Brooklyn,Brooklyn
11209,Brooklyn,Brooklyn
11210,Brooklyn,Brooklyn
11211,Brooklyn,Brooklyn
11212,Brooklyn,Brooklyn
11213,Brooklyn,Brooklyn
11214,Brooklyn,Brooklyn
11215,Brooklyn,Brooklyn
11216,Brooklyn,Brooklyn
11217,Brooklyn,Brooklyn
11218,Brooklyn,Brooklyn
11219,Brooklyn,Brooklyn
11220,Brooklyn,Brooklyn
11221,Brooklyn,Brooklyn
11222,Brooklyn,Brooklyn
11223,Brooklyn,Brooklyn
11224,Brooklyn,Brooklyn
11225,Brooklyn,Brooklyn
11226,Brooklyn,Brooklyn
11228,Brooklyn,Brooklyn
11229,Brooklyn,Brooklyn
11230,Brooklyn,Brooklyn
11231,Brooklyn,Brooklyn
11232,Brooklyn,Brooklyn
11233,Brooklyn,Brooklyn
11234,Brooklyn,Brooklyn
11235,Brooklyn,Brooklyn
11236,Brooklyn,Brooklyn
11237,Brooklyn,Brooklyn
11238,Brooklyn,Brooklyn
11239,Brooklyn,Brooklyn
11241,Brooklyn,Brooklyn
11242,Brooklyn,Brooklyn
11243,Brooklyn,Brooklyn
11249,Brooklyn,Brooklyn
11251,Brooklyn,Brooklyn
11252,Brooklyn,Brooklyn
11256,Brooklyn,Brooklyn
11351,Queens,Flushing
11354,Queens,Flushing
11355,Queens,Flushing
11356,Queens,College Point
11357,Queens,Whitestone
11358,Queens,Flushing
11359,Queens,Bayside
11360,Queens,Bayside
11361,Queens,Bayside
11362,Queens,Little Neck
11363,Queens,Little Neck
11364,Queens,Oakland Gardens
11365,Queens,Fresh Meadows
11366,Queens,Fresh Meadows
11367,Queens,Flushing
11368,Queens,Corona
11369,Queens,East Elmhurst
11370,Queens,East Elmhurst
11371,Queens,Flushing
11372,Queens,Jackson Heights
11373,Queens,Elmhurst
11374,Queens,Rego Park
11375,Queens,Forest Hills
11377,Queens,Woodside
11378,Queens,Maspeth
11379,Queens,Middle Village
11385,Queens,Ridgewood
11411,Queens,Cambria Heights
11412,Queens,Saint Albans
11413,Queens,Springfield Gardens
11414,Queens,Howard Beach
11415,Queens,Kew Gardens
11416,Queens,Ozone Park
11417,Queens,Ozone Park
11418,Queens,Richmond Hill
11419,Queens,South Richmond Hill
11420,Queens,South Ozone Park
11421,Queens,Woodhaven
11422,Queens,Rosedale
11423,Queens,Hollis
11424,Queens,Jamaica
11425,Queens,Jamaica
11426,Queens,Bellerose
11427,Queens,Queens Village
11428,Queens,Queens Village
11429,Queens,Queens Village
11430,Queens,Jamaica
11432,Queens,Jamaica
11433,Queens,Jamaica
11434,Queens,Jamaica
11435,Queens,Jamaica
11436,Queens,Jamaica
11439,Queens,Jamaica
11691,Queens,Far Rockaway
11692,Queens,Arverne
11693,Queens,Far Rockaway
11694,Queens,Rockaway Park
11697,Queens,Breezy Point
90001,,Los Angeles
90002,,Los Angeles
90003,,Los Angeles
90004,,Los Angeles
90005,,Los Angeles
90006,,Los Angeles
90007,,Los Angeles
90008,,Los Angeles
90009,,Los Angeles
90010,,Los Angeles
90011,,Los Angeles
90012,,Los Angeles
90013,,Los Angeles
90014,,Los Angeles
90015,,Los Angeles
90016,,Los Angeles
90017,,Los Angeles
90018,,Los Angeles
90019,,Los Angeles
90020,,Los Angeles
90021,,Los Angeles
90022,,Los Angeles
90023,,Los Angeles
90024,,Los Angeles
90025,,Los Angeles
90026,,Los Angeles
90027,,Los Angeles
90028,,Los Angeles
90029,,Los Angeles
90030,,Los Angeles
90031,,Los Angeles
90032,,Los Angeles
90033,,Los Angeles
90034,,Los Angeles
90035,,Los Angeles
90036,,Los Angeles
90037,,Los Angeles
90038,,Los Angeles
90039,,Los Angeles
90040,,Los Angeles
90041,,Los Angeles
90042,,Los Angeles
90043,,Los Angeles
90044,,Los Angeles
90045,,Los Angeles
90046,,Los Angeles
90047,,Los Angeles
90048,,Los Angeles
90049,,Los Angeles
90050,,Los Angeles
90051,,Los Angeles
90052,,Los Angeles
90053,,Los Angeles
90054,,Los Angeles
90055,,Los Angeles
90056,,Los Angeles
90057,,Los Angeles
90058,,Los Angeles
90059,,Los Angeles
90060,,Los Angeles
90061,,Los Angeles
90062,,Los Angeles
90063,,Los Angeles
90064,,Los Angeles
90065,,Los Angeles
90066,,Los Angeles
90067,,Los Angeles
90068,,Los Angeles
90069,,West Hollywood
90070,,Los Angeles
90071,,Los Angeles
90072,,Los Angeles
90073,,Los Angeles
90074,,Los Angeles
90075,,Los Angeles
90076,,Los Angeles
90077,,Los Angeles
90078,,Los Angeles
90079,,Los Angeles
90080,,Los Angeles
90081,,Los Angeles
90082,,Los Angeles
90083,,Los Angeles
90084,,Los Angeles
90086,,Los Angeles
90087,,Los Angeles
90088,,Los Angeles
90089,,Los Angeles
90090,,Dodgertown
90091,,Los Angeles
90093,,Los Angeles
90094,,Playa Vista
90095,,Los Angeles
90096,,Los Angeles
90099,,Los Angeles
90134,,Los Angeles
90140,,Los Angeles
90189,,Los Angeles
90210,,Beverly Hills
90230,,Culver City
90232,,Culver City
90247,,Gardena
90248,,Gardena
90265,,Malibu
90272,,Pacific Palisades
90290,,Topanga
90291,,Venice
90292,,Marina Del Rey
90293,,Playa Del Rey
90402,,Santa Monica
90501,,Torrance
90502,,Torrance
90710,,Harbor City
90717,,Lomita
90731,,San Pedro
90732,,San Pedro
90744,,Wilmington
90802,,Long Beach
90810,,Long Beach
91040,,Sunland
91042,,Tujunga
91205,,Glendale
91206,,Glendale
91214,,La Crescenta
91303,,Canoga Park
91304,,Canoga Park
91306,,Winnetka
91307,,West Hills
91311,,Chatsworth
91316,,Encino
91324,,Northridge
91325,,Northridge
91326,,Porter Ranch
91330,,Northridge
91331,,Pacoima
91335,,Reseda
91340,,San Fernando
91342,,Sylmar
91343,,North Hills
91344,,Granada Hills
91345,,Mission Hills
91352,,Sun Valley
91356,,Tarzana
91357,,Tarzana
91364,,Woodland Hills
91367,,Woodland Hills
91371,,Woodland Hills
91401,,Van Nuys
91402,,Panorama City
91403,,Sherman Oaks
91405,,Van Nuys
91406,,Van Nuys
91411,,Van Nuys
91423,,Sherman Oaks
91436,,Encino
91504,,Burbank
91505,,Burbank
91601,,North Hollywood
91602,,North Hollywood
91604,,Studio City
91605,,North Hollywood
91606,,North Hollywood
91607,,Valley Village
91608,,Universal City
